"Label (Grouping)","Abilene, TX Metro Area!!Estimate","Abilene, TX Metro Area!!Margin of Error","Aguadilla, PR Metro Area!!Estimate","Aguadilla, PR Metro Area!!Margin of Error","Akron, OH Metro Area!!Estimate","Akron, OH Metro Area!!Margin of Error","Albany, GA Metro Area!!Estimate","Albany, GA Metro Area!!Margin of Error","Albany, OR Metro Area!!Estimate","Albany, OR Metro Area!!Margin of Error","Albany-Schenectady-Troy, NY Metro Area!!Estimate","Albany-Schenectady-Troy, NY Metro Area!!Margin of Error","Albuquerque, NM Metro Area!!Estimate","Albuquerque, NM Metro Area!!Margin of Error","Alexandria, LA Metro Area!!Estimate","Alexandria, LA Metro Area!!Margin of Error","Allentown-Bethlehem-Easton, PA-NJ Metro Area!!Estimate","Allentown-Bethlehem-Easton, PA-NJ Metro Area!!Margin of Error","Altoona, PA Metro Area!!Estimate","Altoona, PA Metro Area!!Margin of Error","Amarillo, TX Metro Area!!Estimate","Amarillo, TX Metro Area!!Margin of Error","Ames, IA Metro Area!!Estimate","Ames, IA Metro Area!!Margin of Error","Amherst Town-Northampton, MA Metro Area!!Estimate","Amherst Town-Northampton, MA Metro Area!!Margin of Error","Anchorage, AK Metro Area!!Estimate","Anchorage, AK Metro Area!!Margin of Error","Ann Arbor, MI Metro Area!!Estimate","Ann Arbor, MI Metro Area!!Margin of Error","Anniston-Oxford, AL Metro Area!!Estimate","Anniston-Oxford, AL Metro Area!!Margin of Error","Appleton, WI Metro Area!!Estimate","Appleton, WI Metro Area!!Margin of Error","Arecibo, PR Metro Area!!Estimate","Arecibo, PR Metro Area!!Margin of Error","Asheville, NC Metro Area!!Estimate","Asheville, NC Metro Area!!Margin of Error","Athens-Clarke County, GA Metro Area!!Estimate","Athens-Clarke County, GA Metro Area!!Margin of Error","Atlanta-Sandy Springs-Roswell, GA Metro Area!!Estimate","Atlanta-Sandy Springs-Roswell, GA Metro Area!!Margin of Error","Atlantic City-Hammonton, NJ Metro Area!!Estimate","Atlantic City-Hammonton, NJ Metro Area!!Margin of Error","Auburn-Opelika, AL Metro Area!!Estimate","Auburn-Opelika, AL Metro Area!!Margin of Error","Augusta-Richmond County, GA-SC Metro Area!!Estimate","Augusta-Richmond County, GA-SC Metro Area!!Margin of Error","Austin-Round Rock-San Marcos, TX Metro Area!!Estimate","Austin-Round Rock-San Marcos, TX Metro Area!!Margin of Error","Bakersfield-Delano, CA Metro Area!!Estimate","Bakersfield-Delano, CA Metro Area!!Margin of Error","Baltimore-Columbia-Towson, MD Metro Area!!Estimate","Baltimore-Columbia-Towson, MD Metro Area!!Margin of Error","Bangor, ME Metro Area!!Estimate","Bangor, ME Metro Area!!Margin of Error","Barnstable Town, MA Metro Area!!Estimate","Barnstable Town, MA Metro Area!!Margin of Error","Baton Rouge, LA Metro Area!!Estimate","Baton Rouge, LA Metro Area!!Margin of Error","Battle Creek, MI Metro Area!!Estimate","Battle Creek, MI Metro Area!!Margin of Error","Bay City, MI Metro Area!!Estimate","Bay City, MI Metro Area!!Margin of Error","Beaumont-Port Arthur, TX Metro Area!!Estimate","Beaumont-Port Arthur, TX Metro Area!!Margin of Error","Beckley, WV Metro Area!!Estimate","Beckley, WV Metro Area!!Margin of Error","Bellingham, WA Metro Area!!Estimate","Bellingham, WA Metro Area!!Margin of Error","Bend, OR Metro Area!!Estimate","Bend, OR Metro Area!!Margin of Error","Billings, MT Metro Area!!Estimate","Billings, MT Metro Area!!Margin of Error","Binghamton, NY Metro Area!!Estimate","Binghamton, NY Metro Area!!Margin of Error","Birmingham, AL Metro Area!!Estimate","Birmingham, AL Metro Area!!Margin of Error","Bismarck, ND Metro Area!!Estimate","Bismarck, ND Metro Area!!Margin of Error","Blacksburg-Christiansburg-Radford, VA Metro Area!!Estimate","Blacksburg-Christiansburg-Radford, VA Metro Area!!Margin of Error","Bloomington, IL Metro Area!!Estimate","Bloomington, IL Metro Area!!Margin of Error","Bloomington, IN Metro Area!!Estimate","Bloomington, IN Metro Area!!Margin of Error","Boise City, ID Metro Area!!Estimate","Boise City, ID Metro Area!!Margin of Error","Boston-Cambridge-Newton, MA-NH Metro Area!!Estimate","Boston-Cambridge-Newton, MA-NH Metro Area!!Margin of Error","Boulder, CO Metro Area!!Estimate","Boulder, CO Metro Area!!Margin of Error","Bowling Green, KY Metro Area!!Estimate","Bowling Green, KY Metro Area!!Margin of Error","Bozeman, MT Metro Area!!Estimate","Bozeman, MT Metro Area!!Margin of Error","Bremerton-Silverdale-Port Orchard, WA Metro Area!!Estimate","Bremerton-Silverdale-Port Orchard, WA Metro Area!!Margin of Error","Bridgeport-Stamford-Danbury, CT Metro Area!!Estimate","Bridgeport-Stamford-Danbury, CT Metro Area!!Margin of Error","Brownsville-Harlingen, TX Metro Area!!Estimate","Brownsville-Harlingen, TX Metro Area!!Margin of Error","Brunswick-St. Simons, GA Metro Area!!Estimate","Brunswick-St. Simons, GA Metro Area!!Margin of Error","Buffalo-Cheektowaga, NY Metro Area!!Estimate","Buffalo-Cheektowaga, NY Metro Area!!Margin of Error","Burlington, NC Metro Area!!Estimate","Burlington, NC Metro Area!!Margin of Error","Burlington-South Burlington, VT Metro Area!!Estimate","Burlington-South Burlington, VT Metro Area!!Margin of Error","Canton-Massillon, OH Metro Area!!Estimate","Canton-Massillon, OH Metro Area!!Margin of Error","Cape Coral-Fort Myers, FL Metro Area!!Estimate","Cape Coral-Fort Myers, FL Metro Area!!Margin of Error","Cape Girardeau, MO-IL Metro Area!!Estimate","Cape Girardeau, MO-IL Metro Area!!Margin of Error","Carson City, NV Metro Area!!Estimate","Carson City, NV Metro Area!!Margin of Error","Casper, WY Metro Area!!Estimate","Casper, WY Metro Area!!Margin of Error","Cedar Rapids, IA Metro Area!!Estimate","Cedar Rapids, IA Metro Area!!Margin of Error","Chambersburg, PA Metro Area!!Estimate","Chambersburg, PA Metro Area!!Margin of Error","Champaign-Urbana, IL Metro Area!!Estimate","Champaign-Urbana, IL Metro Area!!Margin of Error","Charleston, WV Metro Area!!Estimate","Charleston, WV Metro Area!!Margin of Error","Charleston-North Charleston, SC Metro Area!!Estimate","Charleston-North Charleston, SC Metro Area!!Margin of Error","Charlotte-Concord-Gastonia, NC-SC Metro Area!!Estimate","Charlotte-Concord-Gastonia, NC-SC Metro Area!!Margin of Error","Charlottesville, VA Metro Area!!Estimate","Charlottesville, VA Metro Area!!Margin of Error","Chattanooga, TN-GA Metro Area!!Estimate","Chattanooga, TN-GA Metro Area!!Margin of Error","Cheyenne, WY Metro Area!!Estimate","Cheyenne, WY Metro Area!!Margin of Error","Chicago-Naperville-Elgin, IL-IN Metro Area!!Estimate","Chicago-Naperville-Elgin, IL-IN Metro Area!!Margin of Error","Chico, CA Metro Area!!Estimate","Chico, CA Metro Area!!Margin of Error","Cincinnati, OH-KY-IN Metro Area!!Estimate","Cincinnati, OH-KY-IN Metro Area!!Margin of Error","Clarksville, TN-KY Metro Area!!Estimate","Clarksville, TN-KY Metro Area!!Margin of Error","Cleveland, OH Metro Area!!Estimate","Cleveland, OH Metro Area!!Margin of Error","Cleveland, TN Metro Area!!Estimate","Cleveland, TN Metro Area!!Margin of Error","Coeur d'Alene, ID Metro Area!!Estimate","Coeur d'Alene, ID Metro Area!!Margin of Error","College Station-Bryan, TX Metro Area!!Estimate","College Station-Bryan, TX Metro Area!!Margin of Error","Colorado Springs, CO Metro Area!!Estimate","Colorado Springs, CO Metro Area!!Margin of Error","Columbia, MO Metro Area!!Estimate","Columbia, MO Metro Area!!Margin of Error","Columbia, SC Metro Area!!Estimate","Columbia, SC Metro Area!!Margin of Error","Columbus, GA-AL Metro Area!!Estimate","Columbus, GA-AL Metro Area!!Margin of Error","Columbus, IN Metro Area!!Estimate","Columbus, IN Metro Area!!Margin of Error","Columbus, OH Metro Area!!Estimate","Columbus, OH Metro Area!!Margin of Error","Corpus Christi, TX Metro Area!!Estimate","Corpus Christi, TX Metro Area!!Margin of Error","Corvallis, OR Metro Area!!Estimate","Corvallis, OR Metro Area!!Margin of Error","Crestview-Fort Walton Beach-Destin, FL Metro Area!!Estimate","Crestview-Fort Walton Beach-Destin, FL Metro Area!!Margin of Error","Dallas-Fort Worth-Arlington, TX Metro Area!!Estimate","Dallas-Fort Worth-Arlington, TX Metro Area!!Margin of Error","Dalton, GA Metro Area!!Estimate","Dalton, GA Metro Area!!Margin of Error","Daphne-Fairhope-Foley, AL Metro Area!!Estimate","Daphne-Fairhope-Foley, AL Metro Area!!Margin of Error","Davenport-Moline-Rock Island, IA-IL Metro Area!!Estimate","Davenport-Moline-Rock Island, IA-IL Metro Area!!Margin of Error","Dayton-Kettering-Beavercreek, OH Metro Area!!Estimate","Dayton-Kettering-Beavercreek, OH Metro Area!!Margin of Error","Decatur, AL Metro Area!!Estimate","Decatur, AL Metro Area!!Margin of Error","Decatur, IL Metro Area!!Estimate","Decatur, IL Metro Area!!Margin of Error","Deltona-Daytona Beach-Ormond Beach, FL Metro Area!!Estimate","Deltona-Daytona Beach-Ormond Beach, FL Metro Area!!Margin of Error","Denver-Aurora-Centennial, CO Metro Area!!Estimate","Denver-Aurora-Centennial, CO Metro Area!!Margin of Error","Des Moines-West Des Moines, IA Metro Area!!Estimate","Des Moines-West Des Moines, IA Metro Area!!Margin of Error","Detroit-Warren-Dearborn, MI Metro Area!!Estimate","Detroit-Warren-Dearborn, MI Metro Area!!Margin of Error","Dothan, AL Metro Area!!Estimate","Dothan, AL Metro Area!!Margin of Error","Dover, DE Metro Area!!Estimate","Dover, DE Metro Area!!Margin of Error","Dubuque, IA Metro Area!!Estimate","Dubuque, IA Metro Area!!Margin of Error","Duluth, MN-WI Metro Area!!Estimate","Duluth, MN-WI Metro Area!!Margin of Error","Durham-Chapel Hill, NC Metro Area!!Estimate","Durham-Chapel Hill, NC Metro Area!!Margin of Error","Eagle Pass, TX Metro Area!!Estimate","Eagle Pass, TX Metro Area!!Margin of Error","Eau Claire, WI Metro Area!!Estimate","Eau Claire, WI Metro Area!!Margin of Error","El Centro, CA Metro Area!!Estimate","El Centro, CA Metro Area!!Margin of Error","Elizabethtown, KY Metro Area!!Estimate","Elizabethtown, KY Metro Area!!Margin of Error","Elkhart-Goshen, IN Metro Area!!Estimate","Elkhart-Goshen, IN Metro Area!!Margin of Error","Elmira, NY Metro Area!!Estimate","Elmira, NY Metro Area!!Margin of Error","El Paso, TX Metro Area!!Estimate","El Paso, TX Metro Area!!Margin of Error","Enid, OK Metro Area!!Estimate","Enid, OK Metro Area!!Margin of Error","Erie, PA Metro Area!!Estimate","Erie, PA Metro Area!!Margin of Error","Eugene-Springfield, OR Metro Area!!Estimate","Eugene-Springfield, OR Metro Area!!Margin of Error","Evansville, IN Metro Area!!Estimate","Evansville, IN Metro Area!!Margin of Error","Fairbanks-College, AK Metro Area!!Estimate","Fairbanks-College, AK Metro Area!!Margin of Error","Fargo, ND-MN Metro Area!!Estimate","Fargo, ND-MN Metro Area!!Margin of Error","Farmington, NM Metro Area!!Estimate","Farmington, NM Metro Area!!Margin of Error","Fayetteville, NC Metro Area!!Estimate","Fayetteville, NC Metro Area!!Margin of Error","Fayetteville-Springdale-Rogers, AR Metro Area!!Estimate","Fayetteville-Springdale-Rogers, AR Metro Area!!Margin of Error","Flagstaff, AZ Metro Area!!Estimate","Flagstaff, AZ Metro Area!!Margin of Error","Flint, MI Metro Area!!Estimate","Flint, MI Metro Area!!Margin of Error","Florence, SC Metro Area!!Estimate","Florence, SC Metro Area!!Margin of Error","Florence-Muscle Shoals, AL Metro Area!!Estimate","Florence-Muscle Shoals, AL Metro Area!!Margin of Error","Fond du Lac, WI Metro Area!!Estimate","Fond du Lac, WI Metro Area!!Margin of Error","Fort Collins-Loveland, CO Metro Area!!Estimate","Fort Collins-Loveland, CO Metro Area!!Margin of Error","Fort Smith, AR-OK Metro Area!!Estimate","Fort Smith, AR-OK Metro Area!!Margin of Error","Fort Wayne, IN Metro Area!!Estimate","Fort Wayne, IN Metro Area!!Margin of Error","Fresno, CA Metro Area!!Estimate","Fresno, CA Metro Area!!Margin of Error","Gadsden, AL Metro Area!!Estimate","Gadsden, AL Metro Area!!Margin of Error","Gainesville, FL Metro Area!!Estimate","Gainesville, FL Metro Area!!Margin of Error","Gainesville, GA Metro Area!!Estimate","Gainesville, GA Metro Area!!Margin of Error","Gettysburg, PA Metro Area!!Estimate","Gettysburg, PA Metro Area!!Margin of Error","Glens Falls, NY Metro Area!!Estimate","Glens Falls, NY Metro Area!!Margin of Error","Goldsboro, NC Metro Area!!Estimate","Goldsboro, NC Metro Area!!Margin of Error","Grand Forks, ND-MN Metro Area!!Estimate","Grand Forks, ND-MN Metro Area!!Margin of Error","Grand Island, NE Metro Area!!Estimate","Grand Island, NE Metro Area!!Margin of Error","Grand Junction, CO Metro Area!!Estimate","Grand Junction, CO Metro Area!!Margin of Error","Grand Rapids-Wyoming-Kentwood, MI Metro Area!!Estimate","Grand Rapids-Wyoming-Kentwood, MI Metro Area!!Margin of Error","Grants Pass, OR Metro Area!!Estimate","Grants Pass, OR Metro Area!!Margin of Error","Great Falls, MT Metro Area!!Estimate","Great Falls, MT Metro Area!!Margin of Error","Greeley, CO Metro Area!!Estimate","Greeley, CO Metro Area!!Margin of Error","Green Bay, WI Metro Area!!Estimate","Green Bay, WI Metro Area!!Margin of Error","Greensboro-High Point, NC Metro Area!!Estimate","Greensboro-High Point, NC Metro Area!!Margin of Error","Greenville, NC Metro Area!!Estimate","Greenville, NC Metro Area!!Margin of Error","Greenville-Anderson-Greer, SC Metro Area!!Estimate","Greenville-Anderson-Greer, SC Metro Area!!Margin of Error","Guayama, PR Metro Area!!Estimate","Guayama, PR Metro Area!!Margin of Error","Gulfport-Biloxi, MS Metro Area!!Estimate","Gulfport-Biloxi, MS Metro Area!!Margin of Error","Hagerstown-Martinsburg, MD-WV Metro Area!!Estimate","Hagerstown-Martinsburg, MD-WV Metro Area!!Margin of Error","Hammond, LA Metro Area!!Estimate","Hammond, LA Metro Area!!Margin of Error","Hanford-Corcoran, CA Metro Area!!Estimate","Hanford-Corcoran, CA Metro Area!!Margin of Error","Harrisburg-Carlisle, PA Metro Area!!Estimate","Harrisburg-Carlisle, PA Metro Area!!Margin of Error","Harrisonburg, VA Metro Area!!Estimate","Harrisonburg, VA Metro Area!!Margin of Error","Hartford-West Hartford-East Hartford, CT Metro Area!!Estimate","Hartford-West Hartford-East Hartford, CT Metro Area!!Margin of Error","Hattiesburg, MS Metro Area!!Estimate","Hattiesburg, MS Metro Area!!Margin of Error","Helena, MT Metro Area!!Estimate","Helena, MT Metro Area!!Margin of Error","Hickory-Lenoir-Morganton, NC Metro Area!!Estimate","Hickory-Lenoir-Morganton, NC Metro Area!!Margin of Error","Hilton Head Island-Bluffton-Port Royal, SC Metro Area!!Estimate","Hilton Head Island-Bluffton-Port Royal, SC Metro Area!!Margin of Error","Hinesville, GA Metro Area!!Estimate","Hinesville, GA Metro Area!!Margin of Error","Homosassa Springs, FL Metro Area!!Estimate","Homosassa Springs, FL Metro Area!!Margin of Error","Hot Springs, AR Metro Area!!Estimate","Hot Springs, AR Metro Area!!Margin of Error","Houma-Bayou Cane-Thibodaux, LA Metro Area!!Estimate","Houma-Bayou Cane-Thibodaux, LA Metro Area!!Margin of Error","Houston-Pasadena-The Woodlands, TX Metro Area!!Estimate","Houston-Pasadena-The Woodlands, TX Metro Area!!Margin of Error","Huntington-Ashland, WV-KY-OH Metro Area!!Estimate","Huntington-Ashland, WV-KY-OH Metro Area!!Margin of Error","Huntsville, AL Metro Area!!Estimate","Huntsville, AL Metro Area!!Margin of Error","Idaho Falls, ID Metro Area!!Estimate","Idaho Falls, ID Metro Area!!Margin of Error","Indianapolis-Carmel-Greenwood, IN Metro Area!!Estimate","Indianapolis-Carmel-Greenwood, IN Metro Area!!Margin of Error","Iowa City, IA Metro Area!!Estimate","Iowa City, IA Metro Area!!Margin of Error","Ithaca, NY Metro Area!!Estimate","Ithaca, NY Metro Area!!Margin of Error","Jackson, MI Metro Area!!Estimate","Jackson, MI Metro Area!!Margin of Error","Jackson, MS Metro Area!!Estimate","Jackson, MS Metro Area!!Margin of Error","Jackson, TN Metro Area!!Estimate","Jackson, TN Metro Area!!Margin of Error","Jacksonville, FL Metro Area!!Estimate","Jacksonville, FL Metro Area!!Margin of Error","Jacksonville, NC Metro Area!!Estimate","Jacksonville, NC Metro Area!!Margin of Error","Janesville-Beloit, WI Metro Area!!Estimate","Janesville-Beloit, WI Metro Area!!Margin of Error","Jefferson City, MO Metro Area!!Estimate","Jefferson City, MO Metro Area!!Margin of Error","Johnson City, TN Metro Area!!Estimate","Johnson City, TN Metro Area!!Margin of Error","Johnstown, PA Metro Area!!Estimate","Johnstown, PA Metro Area!!Margin of Error","Jonesboro, AR Metro Area!!Estimate","Jonesboro, AR Metro Area!!Margin of Error","Joplin, MO-KS Metro Area!!Estimate","Joplin, MO-KS Metro Area!!Margin of Error","Kahului-Wailuku, HI Metro Area!!Estimate","Kahului-Wailuku, HI Metro Area!!Margin of Error","Kalamazoo-Portage, MI Metro Area!!Estimate","Kalamazoo-Portage, MI Metro Area!!Margin of Error","Kankakee, IL Metro Area!!Estimate","Kankakee, IL Metro Area!!Margin of Error","Kansas City, MO-KS Metro Area!!Estimate","Kansas City, MO-KS Metro Area!!Margin of Error","Kennewick-Richland, WA Metro Area!!Estimate","Kennewick-Richland, WA Metro Area!!Margin of Error","Kenosha, WI Metro Area!!Estimate","Kenosha, WI Metro Area!!Margin of Error","Killeen-Temple, TX Metro Area!!Estimate","Killeen-Temple, TX Metro Area!!Margin of Error","Kingsport-Bristol, TN-VA Metro Area!!Estimate","Kingsport-Bristol, TN-VA Metro Area!!Margin of Error","Kingston, NY Metro Area!!Estimate","Kingston, NY Metro Area!!Margin of Error","Kiryas Joel-Poughkeepsie-Newburgh, NY Metro Area!!Estimate","Kiryas Joel-Poughkeepsie-Newburgh, NY Metro Area!!Margin of Error","Knoxville, TN Metro Area!!Estimate","Knoxville, TN Metro Area!!Margin of Error","Kokomo, IN Metro Area!!Estimate","Kokomo, IN Metro Area!!Margin of Error","La Crosse-Onalaska, WI-MN Metro Area!!Estimate","La Crosse-Onalaska, WI-MN Metro Area!!Margin of Error","Lafayette, LA Metro Area!!Estimate","Lafayette, LA Metro Area!!Margin of Error","Lafayette-West Lafayette, IN Metro Area!!Estimate","Lafayette-West Lafayette, IN Metro Area!!Margin of Error","Lake Charles, LA Metro Area!!Estimate","Lake Charles, LA Metro Area!!Margin of Error","Lake Havasu City-Kingman, AZ Metro Area!!Estimate","Lake Havasu City-Kingman, AZ Metro Area!!Margin of Error","Lakeland-Winter Haven, FL Metro Area!!Estimate","Lakeland-Winter Haven, FL Metro Area!!Margin of Error","Lancaster, PA Metro Area!!Estimate","Lancaster, PA Metro Area!!Margin of Error","Lansing-East Lansing, MI Metro Area!!Estimate","Lansing-East Lansing, MI Metro Area!!Margin of Error","Laredo, TX Metro Area!!Estimate","Laredo, TX Metro Area!!Margin of Error","Las Cruces, NM Metro Area!!Estimate","Las Cruces, NM Metro Area!!Margin of Error","Las Vegas-Henderson-North Las Vegas, NV Metro Area!!Estimate","Las Vegas-Henderson-North Las Vegas, NV Metro Area!!Margin of Error","Lawrence, KS Metro Area!!Estimate","Lawrence, KS Metro Area!!Margin of Error","Lawton, OK Metro Area!!Estimate","Lawton, OK Metro Area!!Margin of Error","Lebanon, PA Metro Area!!Estimate","Lebanon, PA Metro Area!!Margin of Error","Lewiston, ID-WA Metro Area!!Estimate","Lewiston, ID-WA Metro Area!!Margin of Error","Lewiston-Auburn, ME Metro Area!!Estimate","Lewiston-Auburn, ME Metro Area!!Margin of Error","Lexington-Fayette, KY Metro Area!!Estimate","Lexington-Fayette, KY Metro Area!!Margin of Error","Lexington Park, MD Metro Area!!Estimate","Lexington Park, MD Metro Area!!Margin of Error","Lima, OH Metro Area!!Estimate","Lima, OH Metro Area!!Margin of Error","Lincoln, NE Metro Area!!Estimate","Lincoln, NE Metro Area!!Margin of Error","Little Rock-North Little Rock-Conway, AR Metro Area!!Estimate","Little Rock-North Little Rock-Conway, AR Metro Area!!Margin of Error","Logan, UT-ID Metro Area!!Estimate","Logan, UT-ID Metro Area!!Margin of Error","Longview, TX Metro Area!!Estimate","Longview, TX Metro Area!!Margin of Error","Longview-Kelso, WA Metro Area!!Estimate","Longview-Kelso, WA Metro Area!!Margin of Error","Los Angeles-Long Beach-Anaheim, CA Metro Area!!Estimate","Los Angeles-Long Beach-Anaheim, CA Metro Area!!Margin of Error","Louisville/Jefferson County, KY-IN Metro Area!!Estimate","Louisville/Jefferson County, KY-IN Metro Area!!Margin of Error","Lubbock, TX Metro Area!!Estimate","Lubbock, TX Metro Area!!Margin of Error","Lynchburg, VA Metro Area!!Estimate","Lynchburg, VA Metro Area!!Margin of Error","Macon-Bibb County, GA Metro Area!!Estimate","Macon-Bibb County, GA Metro Area!!Margin of Error","Madison, WI Metro Area!!Estimate","Madison, WI Metro Area!!Margin of Error","Manchester-Nashua, NH Metro Area!!Estimate","Manchester-Nashua, NH Metro Area!!Margin of Error","Manhattan, KS Metro Area!!Estimate","Manhattan, KS Metro Area!!Margin of Error","Mankato, MN Metro Area!!Estimate","Mankato, MN Metro Area!!Margin of Error","Mansfield, OH Metro Area!!Estimate","Mansfield, OH Metro Area!!Margin of Error","Mayagüez, PR Metro Area!!Estimate","Mayagüez, PR Metro Area!!Margin of Error","McAllen-Edinburg-Mission, TX Metro Area!!Estimate","McAllen-Edinburg-Mission, TX Metro Area!!Margin of Error","Medford, OR Metro Area!!Estimate","Medford, OR Metro Area!!Margin of Error","Memphis, TN-MS-AR Metro Area!!Estimate","Memphis, TN-MS-AR Metro Area!!Margin of Error","Merced, CA Metro Area!!Estimate","Merced, CA Metro Area!!Margin of Error","Miami-Fort Lauderdale-West Palm Beach, FL Metro Area!!Estimate","Miami-Fort Lauderdale-West Palm Beach, FL Metro Area!!Margin of Error","Michigan City-La Porte, IN Metro Area!!Estimate","Michigan City-La Porte, IN Metro Area!!Margin of Error","Midland, MI Metro Area!!Estimate","Midland, MI Metro Area!!Margin of Error","Midland, TX Metro Area!!Estimate","Midland, TX Metro Area!!Margin of Error","Milwaukee-Waukesha, WI Metro Area!!Estimate","Milwaukee-Waukesha, WI Metro Area!!Margin of Error","Minneapolis-St. Paul-Bloomington, MN-WI Metro Area!!Estimate","Minneapolis-St. Paul-Bloomington, MN-WI Metro Area!!Margin of Error","Minot, ND Metro Area!!Estimate","Minot, ND Metro Area!!Margin of Error","Missoula, MT Metro Area!!Estimate","Missoula, MT Metro Area!!Margin of Error","Mobile, AL Metro Area!!Estimate","Mobile, AL Metro Area!!Margin of Error","Modesto, CA Metro Area!!Estimate","Modesto, CA Metro Area!!Margin of Error","Monroe, LA Metro Area!!Estimate","Monroe, LA Metro Area!!Margin of Error","Monroe, MI Metro Area!!Estimate","Monroe, MI Metro Area!!Margin of Error","Montgomery, AL Metro Area!!Estimate","Montgomery, AL Metro Area!!Margin of Error","Morgantown, WV Metro Area!!Estimate","Morgantown, WV Metro Area!!Margin of Error","Morristown, TN Metro Area!!Estimate","Morristown, TN Metro Area!!Margin of Error","Mount Vernon-Anacortes, WA Metro Area!!Estimate","Mount Vernon-Anacortes, WA Metro Area!!Margin of Error","Muncie, IN Metro Area!!Estimate","Muncie, IN Metro Area!!Margin of Error","Muskegon-Norton Shores, MI Metro Area!!Estimate","Muskegon-Norton Shores, MI Metro Area!!Margin of Error","Myrtle Beach-Conway-North Myrtle Beach, SC Metro Area!!Estimate","Myrtle Beach-Conway-North Myrtle Beach, SC Metro Area!!Margin of Error","Napa, CA Metro Area!!Estimate","Napa, CA Metro Area!!Margin of Error","Naples-Marco Island, FL Metro Area!!Estimate","Naples-Marco Island, FL Metro Area!!Margin of Error","Nashville-Davidson--Murfreesboro--Franklin, TN Metro Area!!Estimate","Nashville-Davidson--Murfreesboro--Franklin, TN Metro Area!!Margin of Error","New Haven, CT Metro Area!!Estimate","New Haven, CT Metro Area!!Margin of Error","New Orleans-Metairie, LA Metro Area!!Estimate","New Orleans-Metairie, LA Metro Area!!Margin of Error","New York-Newark-Jersey City, NY-NJ Metro Area!!Estimate","New York-Newark-Jersey City, NY-NJ Metro Area!!Margin of Error","Niles, MI Metro Area!!Estimate","Niles, MI Metro Area!!Margin of Error","North Port-Bradenton-Sarasota, FL Metro Area!!Estimate","North Port-Bradenton-Sarasota, FL Metro Area!!Margin of Error","Norwich-New London-Willimantic, CT Metro Area!!Estimate","Norwich-New London-Willimantic, CT Metro Area!!Margin of Error","Ocala, FL Metro Area!!Estimate","Ocala, FL Metro Area!!Margin of Error","Odessa, TX Metro Area!!Estimate","Odessa, TX Metro Area!!Margin of Error","Ogden, UT Metro Area!!Estimate","Ogden, UT Metro Area!!Margin of Error","Oklahoma City, OK Metro Area!!Estimate","Oklahoma City, OK Metro Area!!Margin of Error","Olympia-Lacey-Tumwater, WA Metro Area!!Estimate","Olympia-Lacey-Tumwater, WA Metro Area!!Margin of Error","Omaha, NE-IA Metro Area!!Estimate","Omaha, NE-IA Metro Area!!Margin of Error","Orlando-Kissimmee-Sanford, FL Metro Area!!Estimate","Orlando-Kissimmee-Sanford, FL Metro Area!!Margin of Error","Oshkosh-Neenah, WI Metro Area!!Estimate","Oshkosh-Neenah, WI Metro Area!!Margin of Error","Owensboro, KY Metro Area!!Estimate","Owensboro, KY Metro Area!!Margin of Error","Oxnard-Thousand Oaks-Ventura, CA Metro Area!!Estimate","Oxnard-Thousand Oaks-Ventura, CA Metro Area!!Margin of Error","Paducah, KY-IL Metro Area!!Estimate","Paducah, KY-IL Metro Area!!Margin of Error","Palm Bay-Melbourne-Titusville, FL Metro Area!!Estimate","Palm Bay-Melbourne-Titusville, FL Metro Area!!Margin of Error","Panama City-Panama City Beach, FL Metro Area!!Estimate","Panama City-Panama City Beach, FL Metro Area!!Margin of Error","Parkersburg-Vienna, WV Metro Area!!Estimate","Parkersburg-Vienna, WV Metro Area!!Margin of Error","Pensacola-Ferry Pass-Brent, FL Metro Area!!Estimate","Pensacola-Ferry Pass-Brent, FL Metro Area!!Margin of Error","Peoria, IL Metro Area!!Estimate","Peoria, IL Metro Area!!Margin of Error","Philadelphia-Camden-Wilmington, PA-NJ-DE-MD Metro Area!!Estimate","Philadelphia-Camden-Wilmington, PA-NJ-DE-MD Metro Area!!Margin of Error","Phoenix-Mesa-Chandler, AZ Metro Area!!Estimate","Phoenix-Mesa-Chandler, AZ Metro Area!!Margin of Error","Pinehurst-Southern Pines, NC Metro Area!!Estimate","Pinehurst-Southern Pines, NC Metro Area!!Margin of Error","Pittsburgh, PA Metro Area!!Estimate","Pittsburgh, PA Metro Area!!Margin of Error","Pittsfield, MA Metro Area!!Estimate","Pittsfield, MA Metro Area!!Margin of Error","Pocatello, ID Metro Area!!Estimate","Pocatello, ID Metro Area!!Margin of Error","Ponce, PR Metro Area!!Estimate","Ponce, PR Metro Area!!Margin of Error","Portland-South Portland, ME Metro Area!!Estimate","Portland-South Portland, ME Metro Area!!Margin of Error","Portland-Vancouver-Hillsboro, OR-WA Metro Area!!Estimate","Portland-Vancouver-Hillsboro, OR-WA Metro Area!!Margin of Error","Port St. Lucie, FL Metro Area!!Estimate","Port St. Lucie, FL Metro Area!!Margin of Error","Prescott Valley-Prescott, AZ Metro Area!!Estimate","Prescott Valley-Prescott, AZ Metro Area!!Margin of Error","Providence-Warwick, RI-MA Metro Area!!Estimate","Providence-Warwick, RI-MA Metro Area!!Margin of Error","Provo-Orem-Lehi, UT Metro Area!!Estimate","Provo-Orem-Lehi, UT Metro Area!!Margin of Error","Pueblo, CO Metro Area!!Estimate","Pueblo, CO Metro Area!!Margin of Error","Punta Gorda, FL Metro Area!!Estimate","Punta Gorda, FL Metro Area!!Margin of Error","Racine-Mount Pleasant, WI Metro Area!!Estimate","Racine-Mount Pleasant, WI Metro Area!!Margin of Error","Raleigh-Cary, NC Metro Area!!Estimate","Raleigh-Cary, NC Metro Area!!Margin of Error","Rapid City, SD Metro Area!!Estimate","Rapid City, SD Metro Area!!Margin of Error","Reading, PA Metro Area!!Estimate","Reading, PA Metro Area!!Margin of Error","Redding, CA Metro Area!!Estimate","Redding, CA Metro Area!!Margin of Error","Reno, NV Metro Area!!Estimate","Reno, NV Metro Area!!Margin of Error","Richmond, VA Metro Area!!Estimate","Richmond, VA Metro Area!!Margin of Error","Riverside-San Bernardino-Ontario, CA Metro Area!!Estimate","Riverside-San Bernardino-Ontario, CA Metro Area!!Margin of Error","Roanoke, VA Metro Area!!Estimate","Roanoke, VA Metro Area!!Margin of Error","Rochester, MN Metro Area!!Estimate","Rochester, MN Metro Area!!Margin of Error","Rochester, NY Metro Area!!Estimate","Rochester, NY Metro Area!!Margin of Error","Rockford, IL Metro Area!!Estimate","Rockford, IL Metro Area!!Margin of Error","Rocky Mount, NC Metro Area!!Estimate","Rocky Mount, NC Metro Area!!Margin of Error","Rome, GA Metro Area!!Estimate","Rome, GA Metro Area!!Margin of Error","Sacramento-Roseville-Folsom, CA Metro Area!!Estimate","Sacramento-Roseville-Folsom, CA Metro Area!!Margin of Error","Saginaw, MI Metro Area!!Estimate","Saginaw, MI Metro Area!!Margin of Error","St. Cloud, MN Metro Area!!Estimate","St. Cloud, MN Metro Area!!Margin of Error","St. George, UT Metro Area!!Estimate","St. George, UT Metro Area!!Margin of Error","St. Joseph, MO-KS Metro Area!!Estimate","St. Joseph, MO-KS Metro Area!!Margin of Error","St. Louis, MO-IL Metro Area!!Estimate","St. Louis, MO-IL Metro Area!!Margin of Error","Salem, OR Metro Area!!Estimate","Salem, OR Metro Area!!Margin of Error","Salinas, CA Metro Area!!Estimate","Salinas, CA Metro Area!!Margin of Error","Salisbury, MD Metro Area!!Estimate","Salisbury, MD Metro Area!!Margin of Error","Salt Lake City-Murray, UT Metro Area!!Estimate","Salt Lake City-Murray, UT Metro Area!!Margin of Error","San Angelo, TX Metro Area!!Estimate","San Angelo, TX Metro Area!!Margin of Error","San Antonio-New Braunfels, TX Metro Area!!Estimate","San Antonio-New Braunfels, TX Metro Area!!Margin of Error","San Diego-Chula Vista-Carlsbad, CA Metro Area!!Estimate","San Diego-Chula Vista-Carlsbad, CA Metro Area!!Margin of Error","Sandusky, OH Metro Area!!Estimate","Sandusky, OH Metro Area!!Margin of Error","San Francisco-Oakland-Fremont, CA Metro Area!!Estimate","San Francisco-Oakland-Fremont, CA Metro Area!!Margin of Error","San Jose-Sunnyvale-Santa Clara, CA Metro Area!!Estimate","San Jose-Sunnyvale-Santa Clara, CA Metro Area!!Margin of Error","San Juan-Bayamón-Caguas, PR Metro Area!!Estimate","San Juan-Bayamón-Caguas, PR Metro Area!!Margin of Error","San Luis Obispo-Paso Robles, CA Metro Area!!Estimate","San Luis Obispo-Paso Robles, CA Metro Area!!Margin of Error","Santa Cruz-Watsonville, CA Metro Area!!Estimate","Santa Cruz-Watsonville, CA Metro Area!!Margin of Error","Santa Fe, NM Metro Area!!Estimate","Santa Fe, NM Metro Area!!Margin of Error","Santa Maria-Santa Barbara, CA Metro Area!!Estimate","Santa Maria-Santa Barbara, CA Metro Area!!Margin of Error","Santa Rosa-Petaluma, CA Metro Area!!Estimate","Santa Rosa-Petaluma, CA Metro Area!!Margin of Error","Savannah, GA Metro Area!!Estimate","Savannah, GA Metro Area!!Margin of Error","Scranton--Wilkes-Barre, PA Metro Area!!Estimate","Scranton--Wilkes-Barre, PA Metro Area!!Margin of Error","Seattle-Tacoma-Bellevue, WA Metro Area!!Estimate","Seattle-Tacoma-Bellevue, WA Metro Area!!Margin of Error","Sebastian-Vero Beach-West Vero Corridor, FL Metro Area!!Estimate","Sebastian-Vero Beach-West Vero Corridor, FL Metro Area!!Margin of Error","Sebring, FL Metro Area!!Estimate","Sebring, FL Metro Area!!Margin of Error","Sheboygan, WI Metro Area!!Estimate","Sheboygan, WI Metro Area!!Margin of Error","Sherman-Denison, TX Metro Area!!Estimate","Sherman-Denison, TX Metro Area!!Margin of Error","Shreveport-Bossier City, LA Metro Area!!Estimate","Shreveport-Bossier City, LA Metro Area!!Margin of Error","Sierra Vista-Douglas, AZ Metro Area!!Estimate","Sierra Vista-Douglas, AZ Metro Area!!Margin of Error","Sioux City, IA-NE-SD Metro Area!!Estimate","Sioux City, IA-NE-SD Metro Area!!Margin of Error","Sioux Falls, SD-MN Metro Area!!Estimate","Sioux Falls, SD-MN Metro Area!!Margin of Error","Slidell-Mandeville-Covington, LA Metro Area!!Estimate","Slidell-Mandeville-Covington, LA Metro Area!!Margin of Error","South Bend-Mishawaka, IN-MI Metro Area!!Estimate","South Bend-Mishawaka, IN-MI Metro Area!!Margin of Error","Spartanburg, SC Metro Area!!Estimate","Spartanburg, SC Metro Area!!Margin of Error","Spokane-Spokane Valley, WA Metro Area!!Estimate","Spokane-Spokane Valley, WA Metro Area!!Margin of Error","Springfield, IL Metro Area!!Estimate","Springfield, IL Metro Area!!Margin of Error","Springfield, MA Metro Area!!Estimate","Springfield, MA Metro Area!!Margin of Error","Springfield, MO Metro Area!!Estimate","Springfield, MO Metro Area!!Margin of Error","Springfield, OH Metro Area!!Estimate","Springfield, OH Metro Area!!Margin of Error","State College, PA Metro Area!!Estimate","State College, PA Metro Area!!Margin of Error","Staunton-Stuarts Draft, VA Metro Area!!Estimate","Staunton-Stuarts Draft, VA Metro Area!!Margin of Error","Stockton-Lodi, CA Metro Area!!Estimate","Stockton-Lodi, CA Metro Area!!Margin of Error","Sumter, SC Metro Area!!Estimate","Sumter, SC Metro Area!!Margin of Error","Syracuse, NY Metro Area!!Estimate","Syracuse, NY Metro Area!!Margin of Error","Tallahassee, FL Metro Area!!Estimate","Tallahassee, FL Metro Area!!Margin of Error","Tampa-St. Petersburg-Clearwater, FL Metro Area!!Estimate","Tampa-St. Petersburg-Clearwater, FL Metro Area!!Margin of Error","Terre Haute, IN Metro Area!!Estimate","Terre Haute, IN Metro Area!!Margin of Error","Texarkana, TX-AR Metro Area!!Estimate","Texarkana, TX-AR Metro Area!!Margin of Error","Toledo, OH Metro Area!!Estimate","Toledo, OH Metro Area!!Margin of Error","Topeka, KS Metro Area!!Estimate","Topeka, KS Metro Area!!Margin of Error","Traverse City, MI Metro Area!!Estimate","Traverse City, MI Metro Area!!Margin of Error","Trenton-Princeton, NJ Metro Area!!Estimate","Trenton-Princeton, NJ Metro Area!!Margin of Error","Tucson, AZ Metro Area!!Estimate","Tucson, AZ Metro Area!!Margin of Error","Tulsa, OK Metro Area!!Estimate","Tulsa, OK Metro Area!!Margin of Error","Tuscaloosa, AL Metro Area!!Estimate","Tuscaloosa, AL Metro Area!!Margin of Error","Twin Falls, ID Metro Area!!Estimate","Twin Falls, ID Metro Area!!Margin of Error","Tyler, TX Metro Area!!Estimate","Tyler, TX Metro Area!!Margin of Error","Urban Honolulu, HI Metro Area!!Estimate","Urban Honolulu, HI Metro Area!!Margin of Error","Utica-Rome, NY Metro Area!!Estimate","Utica-Rome, NY Metro Area!!Margin of Error","Valdosta, GA Metro Area!!Estimate","Valdosta, GA Metro Area!!Margin of Error","Vallejo, CA Metro Area!!Estimate","Vallejo, CA Metro Area!!Margin of Error","Victoria, TX Metro Area!!Estimate","Victoria, TX Metro Area!!Margin of Error","Vineland, NJ Metro Area!!Estimate","Vineland, NJ Metro Area!!Margin of Error","Virginia Beach-Chesapeake-Norfolk, VA-NC Metro Area!!Estimate","Virginia Beach-Chesapeake-Norfolk, VA-NC Metro Area!!Margin of Error","Visalia, CA Metro Area!!Estimate","Visalia, CA Metro Area!!Margin of Error","Waco, TX Metro Area!!Estimate","Waco, TX Metro Area!!Margin of Error","Walla Walla, WA Metro Area!!Estimate","Walla Walla, WA Metro Area!!Margin of Error","Warner Robins, GA Metro Area!!Estimate","Warner Robins, GA Metro Area!!Margin of Error","Washington-Arlington-Alexandria, DC-VA-MD-WV Metro Area!!Estimate","Washington-Arlington-Alexandria, DC-VA-MD-WV Metro Area!!Margin of Error","Waterbury-Shelton, CT Metro Area!!Estimate","Waterbury-Shelton, CT Metro Area!!Margin of Error","Waterloo-Cedar Falls, IA Metro Area!!Estimate","Waterloo-Cedar Falls, IA Metro Area!!Margin of Error","Watertown-Fort Drum, NY Metro Area!!Estimate","Watertown-Fort Drum, NY Metro Area!!Margin of Error","Wausau, WI Metro Area!!Estimate","Wausau, WI Metro Area!!Margin of Error","Weirton-Steubenville, WV-OH Metro Area!!Estimate","Weirton-Steubenville, WV-OH Metro Area!!Margin of Error","Wenatchee-East Wenatchee, WA Metro Area!!Estimate","Wenatchee-East Wenatchee, WA Metro Area!!Margin of Error","Wheeling, WV-OH Metro Area!!Estimate","Wheeling, WV-OH Metro Area!!Margin of Error","Wichita, KS Metro Area!!Estimate","Wichita, KS Metro Area!!Margin of Error","Wichita Falls, TX Metro Area!!Estimate","Wichita Falls, TX Metro Area!!Margin of Error","Wildwood-The Villages, FL Metro Area!!Estimate","Wildwood-The Villages, FL Metro Area!!Margin of Error","Williamsport, PA Metro Area!!Estimate","Williamsport, PA Metro Area!!Margin of Error","Wilmington, NC Metro Area!!Estimate","Wilmington, NC Metro Area!!Margin of Error","Winchester, VA-WV Metro Area!!Estimate","Winchester, VA-WV Metro Area!!Margin of Error","Winston-Salem, NC Metro Area!!Estimate","Winston-Salem, NC Metro Area!!Margin of Error","Worcester, MA Metro Area!!Estimate","Worcester, MA Metro Area!!Margin of Error","Yakima, WA Metro Area!!Estimate","Yakima, WA Metro Area!!Margin of Error","York-Hanover, PA Metro Area!!Estimate","York-Hanover, PA Metro Area!!Margin of Error","Youngstown-Warren, OH Metro Area!!Estimate","Youngstown-Warren, OH Metro Area!!Margin of Error","Yuba City, CA Metro Area!!Estimate","Yuba City, CA Metro Area!!Margin of Error","Yuma, AZ Metro Area!!Estimate","Yuma, AZ Metro Area!!Margin of Error"
"Median household income in the past 12 months (in 2023 inflation-adjusted dollars)","66,464","±2,039","20,800","±727","71,312","±969","54,219","±2,113","73,396","±2,930","86,072","±1,298","67,995","±1,126","56,492","±1,784","82,602","±1,256","60,594","±1,783","66,571","±1,333","71,090","±1,875","86,391","±2,372","95,918","±1,755","87,156","±2,133","55,826","±2,168","83,919","±1,650","24,436","±758","69,236","±1,507","62,897","±2,390","86,338","±676","80,600","±1,803","58,991","±2,099","66,628","±1,362","97,638","±1,163","67,660","±1,400","97,300","±919","63,248","±2,103","94,452","±2,087","68,910","±1,516","60,385","±1,762","60,523","±2,180","65,245","±1,470","52,345","±3,012","80,989","±2,462","85,509","±1,831","74,599","±2,439","63,347","±1,724","69,627","±970","83,982","±2,781","64,627","±2,441","78,329","±2,870","62,949","±2,389","82,694","±1,233","112,484","±779","102,772","±2,628","62,437","±2,071","87,454","±3,078","98,546","±2,118","111,656","±1,839","51,334","±1,640","64,819","±3,070","70,572","±808","64,445","±2,226","90,911","±2,296","65,666","±1,254","73,099","±1,143","67,267","±2,799","71,809","±2,636","71,247","±1,848","77,084","±1,803","74,946","±1,764","64,558","±1,460","58,089","±1,580","82,272","±1,253","80,201","±772","90,552","±2,421","68,666","±1,502","77,884","±2,917","88,850","±436","68,574","±2,351","79,490","±732","66,210","±1,420","68,507","±620","63,490","±1,847","77,034","±2,380","59,691","±1,686","87,180","±1,170","69,463","±1,962","66,146","±1,090","57,762","±1,311","80,365","±4,774","79,847","±702","65,801","±1,312","76,011","±3,407","79,150","±2,534","87,155","±524","65,715","±2,593","75,019","±2,751","71,925","±1,176","69,752","±1,024","63,987","±2,025","62,449","±2,164","67,599","±1,173","102,339","±695","84,209","±1,136","75,123","±510","56,772","±1,381","72,872","±1,932","75,919","±2,773","71,067","±1,408","81,017","±1,656","51,270","±5,723","72,513","±2,132","56,393","±2,266","67,630","±3,097","65,617","±2,240","63,469","±2,608","58,800","±1,202","67,302","±2,878","61,476","±1,408","69,311","±1,539","67,671","±1,348","84,722","±5,460","75,523","±1,838","53,020","±2,556","58,909","±831","77,979","±1,372","69,748","±2,305","60,673","±1,303","53,874","±1,652","58,049","±2,336","73,154","±2,698","91,364","±1,674","56,717","±1,803","69,378","±1,127","71,897","±1,054","53,070","±1,864","58,946","±1,181","77,430","±2,838","81,071","±2,227","74,953","±2,396","58,082","±2,512","68,653","±2,265","67,397","±3,377","71,485","±1,848","80,296","±841","59,097","±2,906","66,203","±2,345","93,287","±2,429","77,459","±1,184","63,083","±1,362","58,851","±2,190","69,016","±1,036","20,430","±1,611","61,266","±1,233","75,473","±1,556","57,256","±4,845","68,750","±2,976","79,281","±1,121","72,145","±2,312","92,823","±1,036","59,008","±2,068","74,040","±2,777","60,255","±1,481","81,015","±2,575","60,329","±2,635","55,355","±2,103","55,409","±2,233","64,269","±3,557","80,458","±526","58,483","±1,310","83,529","±1,366","77,300","±2,543","77,065","±873","74,142","±2,249","73,012","±3,102","65,004","±2,012","60,489","±1,100","58,740","±1,873","77,013","±1,103","64,568","±1,873","74,390","±2,111","72,425","±1,770","56,096","±1,509","56,292","±1,713","55,478","±2,429","60,146","±1,560","95,049","±3,064","70,525","±1,367","68,325","±2,842","81,927","±676","85,881","±2,193","79,412","±2,215","67,203","±1,403","55,948","±1,153","81,804","±2,953","96,912","±1,636","69,734","±976","62,496","±2,618","71,009","±1,567","60,910","±1,679","59,895","±1,417","67,010","±3,180","55,799","±1,721","63,644","±868","83,703","±1,740","70,886","±1,114","62,506","±2,316","55,663","±2,067","73,845","±670","68,756","±2,645","59,060","±1,557","76,350","±2,027","70,694","±3,532","67,298","±2,594","70,717","±1,236","123,577","±3,144","62,001","±2,572","73,095","±1,633","65,309","±1,296","77,520","±2,391","65,210","±1,916","72,932","±2,981","93,525","±441","71,737","±625","62,288","±1,319","67,782","±1,485","58,127","±1,973","86,827","±1,403","100,436","±1,773","64,096","±3,394","74,722","±2,557","57,649","±2,267","20,400","±615","52,281","±1,265","71,443","±1,561","64,743","±928","65,044","±2,052","73,481","±523","70,452","±2,189","77,538","±2,803","93,442","±4,627","76,404","±715","98,180","±598","79,195","±2,038","70,888","±2,208","58,119","±1,304","79,661","±1,906","49,203","±1,971","75,272","±1,826","62,746","±1,425","62,394","±1,722","58,130","±2,174","85,474","±2,182","56,932","±2,366","63,495","±1,493","64,623","±1,669","108,970","±3,018","86,173","±2,482","82,499","±706","86,266","±1,735","62,271","±1,005","97,334","±454","63,152","±1,945","78,278","±1,325","84,185","±1,981","58,535","±1,504","71,031","±3,603","98,361","±1,364","70,499","±785","93,985","±1,815","83,023","±977","75,611","±857","72,873","±1,743","65,656","±2,831","107,327","±1,391","62,286","±2,221","75,817","±932","67,834","±1,956","56,029","±2,579","73,588","±1,482","70,872","±1,112","89,273","±595","84,703","±507","82,837","±3,212","73,942","±634","72,565","±2,511","64,080","±2,470","20,646","±652","88,602","±1,497","94,573","±856","72,506","±1,728","66,106","±1,808","85,646","±1,103","96,745","±1,035","62,250","±2,088","66,154","±1,973","75,331","±1,810","96,066","±1,180","71,985","±1,953","77,684","±1,522","71,931","±2,596","84,684","±1,596","84,405","±914","86,031","±733","67,447","±1,499","89,675","±1,666","74,438","±844","66,571","±1,510","57,437","±1,963","62,540","±3,154","93,986","±788","58,347","±1,402","75,670","±1,246","76,411","±3,253","62,900","±2,089","78,225","±675","76,010","±1,389","94,486","±1,879","69,592","±2,849","95,045","±1,116","66,037","±3,565","74,297","±707","102,285","±899","70,687","±1,971","133,780","±1,056","157,444","±1,809","27,966","±312","93,398","±2,535","109,266","±2,959","74,689","±3,218","95,977","±1,875","102,840","±2,032","74,632","±1,717","63,656","±874","112,594","±909","71,049","±2,035","55,581","±2,153","71,898","±2,647","70,455","±2,166","54,635","±1,758","58,970","±1,831","72,027","±2,188","81,418","±1,876","79,277","±2,804","65,385","±1,209","62,440","±1,377","72,836","±1,204","74,580","±1,630","70,535","±1,145","61,488","±1,066","60,846","±1,717","72,748","±1,937","70,949","±2,922","88,531","±1,554","55,990","±2,721","73,558","±941","63,078","±1,370","71,254","±519","55,380","±1,727","55,046","±2,109","63,749","±1,236","68,160","±1,953","77,495","±1,749","96,333","±2,433","67,929","±992","67,823","±639","59,975","±1,973","66,473","±2,910","71,923","±1,916","104,264","±1,357","68,830","±1,572","54,581","±1,598","99,994","±2,122","69,618","±2,930","64,499","±1,963","80,533","±761","69,489","±1,785","63,880","±1,650","72,212","±4,129","78,702","±3,675","123,896","±689","86,365","±2,065","68,916","±1,445","64,978","±2,730","76,185","±2,620","57,149","±2,183","79,007","±3,544","58,705","±2,022","68,930","±1,090","63,618","±2,056","73,297","±3,166","64,412","±2,266","73,687","±1,069","82,413","±2,756","64,282","±1,157","93,561","±1,275","68,015","±2,240","82,238","±1,228","55,357","±1,221","74,762","±2,599","60,417","±1,438"